﻿<?xml version="1.0" encoding="utf-8"?>
<?xml-stylesheet type="text/xsl" href="c:\program files (x86)\microsoft visual studio 11.0\team tools\static analysis tools\fxcop\Xml\CodeAnalysisReport.xsl"?>
<FxCopReport Version="11.0">
 <Targets>
  <Target Name="C:\Users\giacomelli\Dropbox\Skahal\middleware\GeneticSharp\src\GeneticSharp.Domain\bin\Debug\GeneticSharp.Domain.dll">
   <Modules>
    <Module Name="geneticsharp.domain.dll">
     <Namespaces>
      <Namespace Name="GeneticSharp.Domain.Randomizations">
       <Types>
        <Type Name="IRandomization" Kind="Interface" Accessibility="Public" ExternallyVisible="True">
         <Members>
          <Member Name="#GetFloat()" Kind="Method" Static="False" Accessibility="Public" ExternallyVisible="True">
           <Messages>
            <Message Id="float" TypeName="IdentifiersShouldNotContainTypeNames" Category="Microsoft.Naming" CheckId="CA1720" Status="Active" Created="2014-12-03 09:36:47Z" FixCategory="Breaking">
             <Issue Name="LanguageSpecificMember" Certainty="75" Level="Error">Consider replacing the language-specific data type identifier 'Float' in member name 'IRandomization.GetFloat()' with either a language-independent equivalent or a more generic term, such as 'value'.</Issue>
            </Message>
           </Messages>
          </Member>
          <Member Name="#GetFloat(System.Single,System.Single)" Kind="Method" Static="False" Accessibility="Public" ExternallyVisible="True">
           <Messages>
            <Message Id="float" TypeName="IdentifiersShouldNotContainTypeNames" Category="Microsoft.Naming" CheckId="CA1720" Status="Active" Created="2014-12-03 09:36:47Z" FixCategory="Breaking">
             <Issue Name="LanguageSpecificMember" Certainty="75" Level="Error">Consider replacing the language-specific data type identifier 'Float' in member name 'IRandomization.GetFloat(float, float)' with either a language-independent equivalent or a more generic term, such as 'value'.</Issue>
            </Message>
           </Messages>
          </Member>
         </Members>
        </Type>
       </Types>
      </Namespace>
     </Namespaces>
    </Module>
   </Modules>
  </Target>
 </Targets>
 <Rules>
  <Rule TypeName="IdentifiersShouldNotContainTypeNames" Category="Microsoft.Naming" CheckId="CA1720">
   <Name>Identifiers should not contain type names</Name>
   <Description>Avoid using language-specific types name in parameters and members and data type identifiers in parameters. Types names might not be intuitive for all developers. It is recommended that you select a generic name, such as 'value', instead. If this is not sufficient, be sure to use the type name as it is defined in the .NET Framework Library and avoid language-specific type names completely. Some examples of C#-specific type names are 'float' (use 'Single' if a generic name is not sufficient), and 'ulong' (use 'UInt64' if a generic name is not sufficient).</Description>
   <Resolution Name="LanguageSpecificMember">Consider replacing the language-specific data type identifier '{0}' in member name {1} with either a language-independent equivalent or a more generic term, such as 'value'.</Resolution>
   <Owner />
   <Url>http://msdn.microsoft.com/library/bb531486(VS.100).aspx</Url>
   <Email>[none]</Email>
   <MessageLevel Certainty="75">Error</MessageLevel>
   <File Name="namingrules.dll" Version="11.0.0.0" />
  </Rule>
 </Rules>
 <Localized>
  <String Key="Category">Category</String>
  <String Key="Certainty">Certainty</String>
  <String Key="CollapseAll">Collapse All</String>
  <String Key="CheckId">Check Id</String>
  <String Key="Error">Error</String>
  <String Key="Errors">error(s)</String>
  <String Key="ExpandAll">Expand All</String>
  <String Key="Help">Help</String>
  <String Key="Line">Line</String>
  <String Key="Messages">message(s)</String>
  <String Key="LocationNotStoredInPdb">[Location not stored in Pdb]</String>
  <String Key="Project">Project</String>
  <String Key="Resolution">Resolution</String>
  <String Key="Rule">Rule</String>
  <String Key="RuleFile">Rule File</String>
  <String Key="RuleDescription">Rule Description</String>
  <String Key="Source">Source</String>
  <String Key="Status">Status</String>
  <String Key="Target">Target</String>
  <String Key="Warning">Warning</String>
  <String Key="Warnings">warning(s)</String>
  <String Key="ReportTitle">Code Analysis Report</String>
 </Localized>
</FxCopReport>
