<?xml version="1.0"?>
<doc>
    <assembly>
        <name>GeneticSharp.Extensions</name>
    </assembly>
    <members>
        <member name="T:GeneticSharp.Extensions.Checkers.CheckersChromosome">
            <summary>
            Checkers chromosome.
            </summary>
        </member>
        <member name="M:GeneticSharp.Extensions.Checkers.CheckersChromosome.#ctor(System.Int32,System.Int32)">
            <summary>
            Initializes a new instance of the <see cref="T:GeneticSharp.Extensions.Checkers.CheckersChromosome" /> class.
            </summary>
            <param name="movesAhead">Moves ahead.</param>
            <param name="boardSize">Board size.</param>
        </member>
        <member name="P:GeneticSharp.Extensions.Checkers.CheckersChromosome.Moves">
            <summary>
            Gets the moves.
            </summary>
            <value>The moves.</value>
        </member>
        <member name="M:GeneticSharp.Extensions.Checkers.CheckersChromosome.GenerateGene(System.Int32)">
            <summary>
            Generates the gene for the specified index.
            </summary>
            <returns>The gene.</returns>
            <param name="geneIndex">Gene index.</param>
        </member>
        <member name="M:GeneticSharp.Extensions.Checkers.CheckersChromosome.CreateNew">
            <summary>
            Creates a new chromosome using the same structure of this.
            </summary>
            <returns>The new chromosome.</returns>
        </member>
        <member name="M:GeneticSharp.Extensions.Checkers.CheckersChromosome.Clone">
            <summary>
            Creates a clone.
            </summary>
        </member>
        <member name="T:GeneticSharp.Extensions.Checkers.CheckersFitness">
            <summary>
            Checkers fitness.
            </summary>
        </member>
        <member name="M:GeneticSharp.Extensions.Checkers.CheckersFitness.#ctor(GeneticSharp.Extensions.Checkers.CheckersBoard)">
            <summary>
            Initializes a new instance of the <see cref="T:GeneticSharp.Extensions.Checkers.CheckersFitness" /> class.
            </summary>
            <param name="board">The checkers board.</param>
        </member>
        <member name="P:GeneticSharp.Extensions.Checkers.CheckersFitness.Board">
            <summary>
            Gets the board.
            </summary>
            <value>The board.</value>
        </member>
        <member name="M:GeneticSharp.Extensions.Checkers.CheckersFitness.Evaluate(GeneticSharp.Domain.Chromosomes.IChromosome)">
            <summary>
            Performs the evaluation against the specified chromosome.
            </summary>
            <param name="chromosome">The chromosome to be evaluated.</param>
            <returns>The fitness of the chromosome.</returns>
        </member>
        <member name="M:GeneticSharp.Extensions.Checkers.CheckersFitness.EvaluateMove(GeneticSharp.Extensions.Checkers.CheckersMove)">
            <summary>
            Evaluates the move.
            </summary>
            <returns>The move.</returns>
            <param name="move">Move.</param>
        </member>
        <member name="M:GeneticSharp.Extensions.Checkers.CheckersFitness.Reset">
            <summary>
            Resets the fitness.
            </summary>
        </member>
        <member name="M:GeneticSharp.Extensions.Checkers.CheckersFitness.Update(GeneticSharp.Extensions.Checkers.CheckersChromosome)">
            <summary>
            Update the specified checkersChromosome.
            </summary>
            <param name="checkersChromosome">Checkers chromosome.</param>
        </member>
        <member name="T:GeneticSharp.Extensions.Checkers.CheckersMoveKind">
            <summary>
            Moove kind.
            </summary>
        </member>
        <member name="F:GeneticSharp.Extensions.Checkers.CheckersMoveKind.Invalid">
            <summary>
            The move is invalid.
            </summary>
        </member>
        <member name="F:GeneticSharp.Extensions.Checkers.CheckersMoveKind.Forward">
            <summary>
            A forward move.
            </summary>
        </member>
        <member name="F:GeneticSharp.Extensions.Checkers.CheckersMoveKind.Capture">
            <summary>
            A capture move.
            </summary>
        </member>
        <member name="T:GeneticSharp.Extensions.Checkers.CheckersMove">
            <summary>
            Checkers move.
            </summary>
        </member>
        <member name="M:GeneticSharp.Extensions.Checkers.CheckersMove.#ctor(GeneticSharp.Extensions.Checkers.CheckersPiece,GeneticSharp.Extensions.Checkers.CheckersSquare)">
            <summary>
            Initializes a new instance of the <see cref="T:GeneticSharp.Extensions.Checkers.CheckersMove" /> class.
            </summary>
            <param name="piece">The piece which will be moved.</param>
            <param name="toSquare">The target square.</param>
        </member>
        <member name="P:GeneticSharp.Extensions.Checkers.CheckersMove.Piece">
            <summary>
            Gets or sets move from square.
            </summary>
        </member>
        <member name="P:GeneticSharp.Extensions.Checkers.CheckersMove.ToSquare">
            <summary>
            Gets or sets move to square.
            </summary>
        </member>
        <member name="T:GeneticSharp.Extensions.Checkers.CheckersSquareState">
            <summary>
            Checkers square state.
            </summary>
        </member>
        <member name="F:GeneticSharp.Extensions.Checkers.CheckersSquareState.Free">
            <summary>
            Square is free.
            </summary>
        </member>
        <member name="F:GeneticSharp.Extensions.Checkers.CheckersSquareState.NotPlayable">
            <summary>
            Square is not playble (white one).
            </summary>
        </member>
        <member name="F:GeneticSharp.Extensions.Checkers.CheckersSquareState.OccupiedByPlayerOne">
            <summary>
            Square is occupied by player one.
            </summary>
        </member>
        <member name="F:GeneticSharp.Extensions.Checkers.CheckersSquareState.OccupiedByPlayerTwo">
            <summary>
            Square is occupied by playe two.
            </summary>
        </member>
        <member name="T:GeneticSharp.Extensions.Checkers.CheckersSquare">
            <summary>
            Checkers square.
            </summary>
        </member>
        <member name="M:GeneticSharp.Extensions.Checkers.CheckersSquare.#ctor(System.Int32,System.Int32)">
            <summary>
            Initializes a new instance of the <see cref="T:GeneticSharp.Extensions.Checkers.CheckersSquare" /> class.
            </summary>
            <param name="columnIndex">Column index.</param>
            <param name="rowIndex">Row index.</param>
        </member>
        <member name="P:GeneticSharp.Extensions.Checkers.CheckersSquare.ColumnIndex">
            <summary>
            Gets or sets the index of the column.
            </summary>
            <value>The index of the column.</value>
        </member>
        <member name="P:GeneticSharp.Extensions.Checkers.CheckersSquare.RowIndex">
            <summary>
            Gets or sets the index of the row.
            </summary>
            <value>The index of the row.</value>
        </member>
        <member name="P:GeneticSharp.Extensions.Checkers.CheckersSquare.State">
            <summary>
            Gets or sets the state.
            </summary>
            <value>The state.</value>
        </member>
        <member name="M:GeneticSharp.Extensions.Checkers.CheckersSquare.PutPiece(GeneticSharp.Extensions.Checkers.CheckersPiece)">
            <summary>
            Put the specified piece above this square.
            </summary>
            <param name="piece">The piece.</param>
            <returns>True if square was free and could receive the piece, otherwise false.</returns>
        </member>
        <member name="M:GeneticSharp.Extensions.Checkers.CheckersSquare.RemovePiece">
            <summary>
            Remove the current piece.
            </summary>
            <returns>True if has a piece to be removed, otherwise false.</returns>
        </member>
        <member name="M:GeneticSharp.Extensions.Checkers.CheckersSquare.Equals(System.Object)">
            <summary>
            Determines whether the specified <see cref="T:System.Object" /> is equal to this instance.
            </summary>
            <param name="obj">The <see cref="T:System.Object" /> to compare with this instance.</param>
            <returns>
                <c>true</c> if the specified <see cref="T:System.Object" /> is equal to this instance; otherwise, <c>false</c>.
            </returns>
        </member>
        <member name="M:GeneticSharp.Extensions.Checkers.CheckersSquare.GetHashCode">
            <summary>
            Returns a hash code for this instance.
            </summary>
            <returns>
            A hash code for this instance, suitable for use in hashing algorithms and data structures like a hash table.
            </returns>
        </member>
        <member name="M:GeneticSharp.Extensions.Checkers.CheckersSquare.IsNotPlayableSquare(System.Int32,System.Int32)">
            <summary>
            Verifies if the column and row index specified are coordinates of not playable square.
            </summary>
            <param name="columnIndex">The column index.</param>
            <param name="rowIndex">The row index.</param>
            <returns>True if it is not playable square.</returns>
        </member>
        <member name="T:GeneticSharp.Extensions.Tsp.TspChromosome">
            <summary>
            Travelling Salesman Problem chromosome.
            <remarks>
            Each gene represents a city index.
            </remarks></summary>
        </member>
        <member name="M:GeneticSharp.Extensions.Tsp.TspChromosome.#ctor(System.Int32)">
            <summary>
            Initializes a new instance of the <see cref="T:GeneticSharp.Extensions.Tsp.TspChromosome" /> class.
            </summary>
            <param name="numberOfCities">Number of cities.</param>
        </member>
        <member name="P:GeneticSharp.Extensions.Tsp.TspChromosome.Distance">
            <summary>
            Gets or sets the distance.
            </summary>
            <value>The distance.</value>
        </member>
        <member name="M:GeneticSharp.Extensions.Tsp.TspChromosome.GenerateGene(System.Int32)">
            <summary>
            Generates the gene for the specified index.
            </summary>
            <returns>The gene.</returns>
            <param name="geneIndex">Gene index.</param>
        </member>
        <member name="M:GeneticSharp.Extensions.Tsp.TspChromosome.CreateNew">
            <summary>
            Creates a new chromosome using the same structure of this.
            </summary>
            <returns>The new chromosome.</returns>
        </member>
        <member name="M:GeneticSharp.Extensions.Tsp.TspChromosome.Clone">
            <summary>
            Creates a clone.
            </summary>
        </member>
        <member name="T:GeneticSharp.Extensions.Tsp.TspCity">
            <summary>
            Travelling Salesman city.
            </summary>
        </member>
        <member name="M:GeneticSharp.Extensions.Tsp.TspCity.#ctor(System.Int32,System.Int32)">
            <summary>
            Initializes a new instance of the <see cref="T:GeneticSharp.Extensions.Tsp.TspCity" /> class.
            </summary>
            <param name="x">The x coordinate.</param>
            <param name="y">The y coordinate.</param>
        </member>
        <member name="P:GeneticSharp.Extensions.Tsp.TspCity.X">
            <summary>
            Gets or sets the x.
            </summary>
            <value>The x.</value>
        </member>
        <member name="P:GeneticSharp.Extensions.Tsp.TspCity.Y">
            <summary>
            Gets or sets the y.
            </summary>
            <value>The y.</value>
        </member>
        <member name="T:GeneticSharp.Extensions.Tsp.TspFitness">
            <summary>
            Travelling Salesman Problem fitness function.
            <remarks>
            The travelling salesman problem (TSP) or travelling salesperson problem asks the following question:
            Given a list of cities and the distances between each pair of cities, what is the shortest possible
            route that visits each city exactly once and returns to the origin city?
            <see href="http://en.wikipedia.org/wiki/Travelling_salesman_problem">Wikipedia</see></remarks></summary>
        </member>
        <member name="M:GeneticSharp.Extensions.Tsp.TspFitness.#ctor(System.Int32,System.Int32,System.Int32,System.Int32,System.Int32)">
            <summary>
            Initializes a new instance of the <see cref="T:GeneticSharp.Extensions.Tsp.TspFitness" /> class.
            </summary>
            <param name="numberOfCities">The number of cities.</param>
            <param name="minX">The minimum city x coordinate.</param>
            <param name="maxX">The maximum city x coordinate.</param>
            <param name="minY">The minimum city y coordinate.</param>
            <param name="maxY">The maximum city y coordinate..</param>
        </member>
        <member name="P:GeneticSharp.Extensions.Tsp.TspFitness.Cities">
            <summary>
            Gets the cities.
            </summary>
            <value>The cities.</value>
        </member>
        <member name="P:GeneticSharp.Extensions.Tsp.TspFitness.MinX">
            <summary>
            Gets the minimum x.
            </summary>
            <value>The minimum x.</value>
        </member>
        <member name="P:GeneticSharp.Extensions.Tsp.TspFitness.MaxX">
            <summary>
            Gets the max x.
            </summary>
            <value>The max x.</value>
        </member>
        <member name="P:GeneticSharp.Extensions.Tsp.TspFitness.MinY">
            <summary>
            Gets the minimum y.
            </summary>
            <value>The minimum y.</value>
        </member>
        <member name="P:GeneticSharp.Extensions.Tsp.TspFitness.MaxY">
            <summary>
            Gets the max y.
            </summary>
            <value>The max y.</value>
        </member>
        <member name="M:GeneticSharp.Extensions.Tsp.TspFitness.Evaluate(GeneticSharp.Domain.Chromosomes.IChromosome)">
            <summary>
            Performs the evaluation against the specified chromosome.
            </summary>
            <param name="chromosome">The chromosome to be evaluated.</param>
            <returns>The fitness of the chromosome.</returns>
        </member>
        <member name="M:GeneticSharp.Extensions.Tsp.TspFitness.CalcDistanceTwoCities(GeneticSharp.Extensions.Tsp.TspCity,GeneticSharp.Extensions.Tsp.TspCity)">
            <summary>
            Calculates the distance between two cities.
            </summary>
            <returns>The distance two cities.</returns>
            <param name="one">One.</param>
            <param name="two">Two.</param>
        </member>
        <member name="T:GeneticSharp.Extensions.Checkers.CheckersPlayer">
            <summary>
            The checkers player.
            </summary>
        </member>
        <member name="F:GeneticSharp.Extensions.Checkers.CheckersPlayer.PlayerOne">
            <summary>
            The player one.
            </summary>
        </member>
        <member name="F:GeneticSharp.Extensions.Checkers.CheckersPlayer.PlayerTwo">
            <summary>
            The player two.
            </summary>
        </member>
        <member name="T:GeneticSharp.Extensions.Checkers.CheckersBoard">
            <summary>
            Checkers board.
            </summary>
        </member>
        <member name="M:GeneticSharp.Extensions.Checkers.CheckersBoard.#ctor(System.Int32)">
            <summary>
            Initializes a new instance of the <see cref="T:GeneticSharp.Extensions.Checkers.CheckersBoard" /> class.
            </summary>
            <param name="size">The board size in number of squares of each side.</param>
        </member>
        <member name="P:GeneticSharp.Extensions.Checkers.CheckersBoard.Size">
            <summary>
            Gets the size.
            </summary>
        </member>
        <member name="P:GeneticSharp.Extensions.Checkers.CheckersBoard.PlayerOnePieces">
            <summary>
            Gets the player one's pieces.
            </summary>
        </member>
        <member name="P:GeneticSharp.Extensions.Checkers.CheckersBoard.PlayerTwoPieces">
            <summary>
            Gets the player two's pieces.
            </summary>
        </member>
        <member name="M:GeneticSharp.Extensions.Checkers.CheckersBoard.Reset">
            <summary>
            Reset the board to initial state (player one and two with pieces in start positions).
            </summary>
        </member>
        <member name="M:GeneticSharp.Extensions.Checkers.CheckersBoard.GetSquare(System.Int32,System.Int32)">
            <summary>
            Gets the square from column index and row index specified.
            </summary>
            <returns>The square.</returns>
            <param name="columnIndex">Column index.</param>
            <param name="rowIndex">Row index.</param>
        </member>
        <member name="M:GeneticSharp.Extensions.Checkers.CheckersBoard.MovePiece(GeneticSharp.Extensions.Checkers.CheckersMove)">
            <summary>
            Move a piece using the specified move.
            </summary>
            <param name="move">The move to perform.</param>
            <returns>True if move was performed, otherwise false.</returns>
        </member>
        <member name="M:GeneticSharp.Extensions.Checkers.CheckersBoard.GetMoveKind(GeneticSharp.Extensions.Checkers.CheckersMove)">
            <summary>
            Gets the kind of the move.
            </summary>
            <returns>The move kind.</returns>
            <param name="move">The move.</param>
        </member>
        <member name="M:GeneticSharp.Extensions.Checkers.CheckersBoard.CountCapturableByPiece(GeneticSharp.Extensions.Checkers.CheckersPiece)">
            <summary>
            Counts the number of pieces capturable by specified piece.
            </summary>
            <param name="piece">The piece which can capture another ones.</param>
            <returns>The number of capturable pieces.</returns>
        </member>
        <member name="M:GeneticSharp.Extensions.Checkers.CheckersBoard.CountPieceChancesToBeCaptured(GeneticSharp.Extensions.Checkers.CheckersPiece)">
            <summary>
            Counts the number of chances the specified piece to be captured.
            </summary>
            <param name="piece">The piece which can be captured.</param>
            <returns>The number of changes of piece be captured.</returns>
        </member>
        <member name="T:GeneticSharp.Extensions.Checkers.CheckersPiece">
            <summary>
            A checkers' piece.
            </summary>
        </member>
        <member name="M:GeneticSharp.Extensions.Checkers.CheckersPiece.#ctor(GeneticSharp.Extensions.Checkers.CheckersPlayer)">
            <summary>
            Initializes a new instance of the <see cref="T:GeneticSharp.Extensions.Checkers.CheckersPiece" /> class.
            </summary>
            <param name="player">The player.</param>
        </member>
        <member name="P:GeneticSharp.Extensions.Checkers.CheckersPiece.Player">
            <summary>
            Gets the player.
            </summary>
        </member>
        <member name="P:GeneticSharp.Extensions.Checkers.CheckersPiece.CurrentSquare">
            <summary>
            Gets or sets the current square.
            </summary>
        </member>
    </members>
</doc>
